{
    "Mach" : {
        "InputValues": [
            0.000,
            0.300,
            0.500,
            0.800,
            1.201,
            1.593,	
            1.828,	
            2.047,	
            2.463,	
            2.963,	
            3.449,	
            4.027,	
            6.000,
            7.500,
           10.500,	
           14.000,
           17.000,
           19.000,
           21.000,
          100.000
        ],
        "cDtrimLkUp": [
            0.976,	
            0.976,	
            0.989,	
            1.09,	
            1.38, 
            1.44,	
            1.46,	
            1.46,	
            1.44,	
            1.46, 
            1.45,	
            1.42,	
            1.42,	
            1.44,	
            1.45, 
            1.46,	
            1.49,	
            1.49,	
            1.49,	
            1.49 
        ],
        "cLtrimLkUp": [
            -0.16070502709692,	
            -0.16070502709692,	
            -0.156502741699579,	
            -0.181433905050032,	
            -0.260139595001571,	
            -0.367474408585389,	
            -0.375006489757596,	
            -0.380518769708363,	
            -0.384294445655191,	
            -0.392751761521798,	
            -0.38736060000025,	
            -0.375462536824923,	
            -0.372610246351521,	
            -0.362330214353789,	
            -0.350268639129901,	
            -0.337340258188392,	
            -0.326130386778637,	
            -0.326749526641987,	
            -0.324490416955389,	
            -0.324490416955389
        ],
        "cNtrimLkUp": [ 3, 4],
        "tauNtrimLkUp": [ 3, 4]
    },
    "Radius" : {
        "InputValues": [ 5, 6],
        "cSndLkUp": [ 7, 8],
        "rhoNomLkUp": [ 7, 8],
        "HatmLkUpFilt": [ 7, 8]
    }
}